region_id,peril,scenario,horizon,direction,magnitude_class,median_delta,tail_delta,unit,baseline_period
R-COAST,flood,mid_emissions,2050,increase,moderate,0.12,0.19,fraction_change_extreme_precip_days,1995-2014
R-COAST,flood,high_emissions,2050,increase,moderate,0.15,0.24,fraction_change_extreme_precip_days,1995-2014
R-COAST,heat,mid_emissions,2050,increase,moderate,9,15,additional_days_over_32C_per_year,1995-2014
R-COAST,heat,high_emissions,2050,increase,moderate,13,21,additional_days_over_32C_per_year,1995-2014
R-COAST,wind,mid_emissions,2050,stable,low,0.01,0.04,fraction_change_peak_gust_days,1995-2014
R-COAST,wind,high_emissions,2050,increase,low,0.03,0.07,fraction_change_peak_gust_days,1995-2014
R-COAST,drought,mid_emissions,2050,stable,low,0.02,0.05,spi_index_shift,1995-2014
R-COAST,drought,high_emissions,2050,increase,low,0.04,0.09,spi_index_shift,1995-2014
R-VALLEY,flood,mid_emissions,2050,increase,high,0.18,0.29,fraction_change_extreme_precip_days,1995-2014
R-VALLEY,flood,high_emissions,2050,increase,high,0.23,0.36,fraction_change_extreme_precip_days,1995-2014
R-VALLEY,heat,mid_emissions,2050,increase,moderate,11,17,additional_days_over_32C_per_year,1995-2014
R-VALLEY,heat,high_emissions,2050,increase,high,16,26,additional_days_over_32C_per_year,1995-2014
R-VALLEY,wind,mid_emissions,2050,stable,low,0.00,0.03,fraction_change_peak_gust_days,1995-2014
R-VALLEY,wind,high_emissions,2050,stable,low,0.02,0.05,fraction_change_peak_gust_days,1995-2014
R-VALLEY,drought,mid_emissions,2050,increase,low,0.05,0.10,spi_index_shift,1995-2014
R-VALLEY,drought,high_emissions,2050,increase,moderate,0.09,0.16,spi_index_shift,1995-2014
R-PLAINS,flood,mid_emissions,2050,stable,low,0.03,0.07,fraction_change_extreme_precip_days,1995-2014
R-PLAINS,flood,high_emissions,2050,increase,low,0.06,0.11,fraction_change_extreme_precip_days,1995-2014
R-PLAINS,heat,mid_emissions,2050,increase,high,15,24,additional_days_over_32C_per_year,1995-2014
R-PLAINS,heat,high_emissions,2050,increase,high,21,33,additional_days_over_32C_per_year,1995-2014
R-PLAINS,wind,mid_emissions,2050,increase,low,0.04,0.08,fraction_change_peak_gust_days,1995-2014
R-PLAINS,wind,high_emissions,2050,increase,moderate,0.07,0.13,fraction_change_peak_gust_days,1995-2014
R-PLAINS,drought,mid_emissions,2050,stable,low,0.03,0.08,spi_index_shift,1995-2014
R-PLAINS,drought,high_emissions,2050,increase,high,0.14,0.27,spi_index_shift,1995-2014
R-HILLS,flood,mid_emissions,2050,increase,low,0.05,0.09,fraction_change_extreme_precip_days,1995-2014
R-HILLS,flood,high_emissions,2050,increase,moderate,0.09,0.15,fraction_change_extreme_precip_days,1995-2014
R-HILLS,heat,mid_emissions,2050,increase,moderate,8,13,additional_days_over_32C_per_year,1995-2014
R-HILLS,heat,high_emissions,2050,increase,moderate,12,19,additional_days_over_32C_per_year,1995-2014
R-HILLS,wind,mid_emissions,2050,decrease,low,-0.03,-0.01,fraction_change_peak_gust_days,1995-2014
R-HILLS,wind,high_emissions,2050,decrease,low,-0.02,0.01,fraction_change_peak_gust_days,1995-2014
R-HILLS,drought,mid_emissions,2050,increase,low,0.04,0.08,spi_index_shift,1995-2014
R-HILLS,drought,high_emissions,2050,increase,moderate,0.08,0.14,spi_index_shift,1995-2014
